name,age
Jhon 998,998
Jhon 786,786
Jhon 787,787
Jhon 789,789
Jhon 790,790
Jhon 791,791
Jhon 745,745
Jhon 792,792
Jhon 793,793
Jhon 794,794
Jhon 795,795
Jhon 796,796
Jhon 797,797
Jhon 798,798
Jhon 717,717
Jhon 799,799
Jhon 800,800
Jhon 801,801
Jhon 803,803
Jhon 802,802
Jhon 804,804
Jhon 805,805
Jhon 806,806
Jhon 807,807
Jhon 808,808
Jhon 809,809
Jhon 810,810
Jhon 811,811
Jhon 812,812
Jhon 813,813
Jhon 814,814
Jhon 825,825
Jhon 638,638
Jhon 824,824
Jhon 628,628
Jhon 815,815
Jhon 816,816
Jhon 817,817
Jhon 818,818
Jhon 819,819
Jhon 820,820
Jhon 821,821
Jhon 822,822
Jhon 823,823
Jhon 827,827
Jhon 828,828
Jhon 829,829
Jhon 830,830
Jhon 831,831
Jhon 832,832
Jhon 833,833
Jhon 834,834
Jhon 835,835
Jhon 836,836
Jhon 837,837
Jhon 838,838
Jhon 839,839
Jhon 840,840
Jhon 555,555
Jhon 841,841
Jhon 547,547
Jhon 842,842
Jhon 843,843
Jhon 541,541
Jhon 845,845
Jhon 846,846
Jhon 847,847
Jhon 848,848
Jhon 850,850
Jhon 525,525
Jhon 851,851
Jhon 512,512
Jhon 852,852
Jhon 853,853
Jhon 502,502
Jhon 854,854
Jhon 855,855
Jhon 856,856
Jhon 857,857
Jhon 858,858
Jhon 859,859
Jhon 860,860
Jhon 861,861
Jhon 863,863
Jhon 865,865
Jhon 866,866
Jhon 867,867
Jhon 476,476
Jhon 869,869
Jhon 870,870
Jhon 872,872
Jhon 873,873
Jhon 874,874
Jhon 877,877
Jhon 876,876
Jhon 878,878
Jhon 879,879
Jhon 880,880
Jhon 882,882
Jhon 881,881
Jhon 889,889
Jhon 444,444
Jhon 888,888
Jhon 887,887
Jhon 886,886
Jhon 884,884
Jhon 885,885
Jhon 883,883
Jhon 890,890
Jhon 891,891
Jhon 892,892
Jhon 394,394
Jhon 893,893
Jhon 894,894
Jhon 381,381
Jhon 895,895
Jhon 896,896
Jhon 897,897
Jhon 898,898
Jhon 899,899
Jhon 900,900
Jhon 901,901
Jhon 902,902
Jhon 904,904
Jhon 336,336
Jhon 335,335
Jhon 334,334
Jhon 333,333
Jhon 905,905
Jhon 906,906
Jhon 907,907
Jhon 909,909
Jhon 910,910
Jhon 321,321
Jhon 911,911
Jhon 912,912
Jhon 322,322
Jhon 913,913
Jhon 915,915
Jhon 916,916
Jhon 917,917
Jhon 918,918
Jhon 919,919
Jhon 920,920
Jhon 921,921
Jhon 922,922
Jhon 923,923
Jhon 924,924
Jhon 925,925
Jhon 926,926
Jhon 927,927
Jhon 929,929
Jhon 930,930
Jhon 931,931
Jhon 932,932
Jhon 933,933
Jhon 934,934
Jhon 935,935
Jhon 936,936
Jhon 937,937
Jhon 938,938
Jhon 939,939
Jhon 940,940
Jhon 941,941
Jhon 942,942
Jhon 943,943
Jhon 944,944
Jhon 945,945
Jhon 946,946
Jhon 947,947
Jhon 948,948
Jhon 949,949
Jhon 950,950
Jhon 951,951
Jhon 953,953
Jhon 954,954
Jhon 955,955
Jhon 956,956
Jhon 957,957
Jhon 958,958
Jhon 960,960
Jhon 961,961
Jhon 962,962
Jhon 963,963
Jhon 215,215
Jhon 965,965
Jhon 964,964
Jhon 966,966
Jhon 967,967
Jhon 968,968
Jhon 969,969
Jhon 970,970
Jhon 971,971
Jhon 972,972
Jhon 973,973
Jhon 974,974
Jhon 976,976
Jhon 980,980
Jhon 991,991
Jhon 188,188
Jhon 990,990
Jhon 978,978
Jhon 174,174
Jhon 977,977
Jhon 979,979
Jhon 983,983
Jhon 984,984
Jhon 988,988
Jhon 986,986
Jhon 997,997
Jhon 985,985
Jhon 981,981
Jhon 992,992
Jhon 982,982
Jhon 999,999
Jhon 989,989
Jhon 995,995
Jhon 994,994
Jhon 993,993
Jhon 996,996
Jhon 134,134
Jhon 136,136
Jhon 138,138
Jhon 139,139
Jhon 141,141
Jhon 142,142
Jhon 144,144
Jhon 143,143
Jhon 146,146
Jhon 103,103
Jhon 145,145
Jhon 149,149
Jhon 93,93
Jhon 148,148
Jhon 64,64
Jhon 154,154
Jhon 150,150
Jhon 152,152
Jhon 151,151
Jhon 153,153
Jhon 155,155
Jhon 157,157
Jhon 156,156
Jhon 158,158
Jhon 159,159
Jhon 162,162
Jhon 161,161
Jhon 169,169
Jhon 163,163
Jhon 164,164
Jhon 167,167
Jhon 165,165
Jhon 166,166
Jhon 0,0
Jhon 168,168
Jhon 170,170
Jhon 173,173
Jhon 172,172
Jhon 171,171
Jhon 175,175
Jhon 177,177
Jhon 179,179
Jhon 178,178
Jhon 180,180
Jhon 181,181
Jhon 182,182
Jhon 183,183
Jhon 185,185
Jhon 184,184
Jhon 186,186
Jhon 187,187
Jhon 190,190
Jhon 189,189
Jhon 191,191
Jhon 192,192
Jhon 195,195
Jhon 194,194
Jhon 198,198
Jhon 193,193
Jhon 197,197
Jhon 208,208
Jhon 199,199
Jhon 201,201
Jhon 202,202
Jhon 204,204
Jhon 207,207
Jhon 206,206
Jhon 205,205
Jhon 203,203
Jhon 210,210
Jhon 211,211
Jhon 212,212
Jhon 214,214
Jhon 213,213
Jhon 216,216
Jhon 218,218
Jhon 221,221
Jhon 219,219
Jhon 220,220
Jhon 246,246
Jhon 224,224
Jhon 223,223
Jhon 222,222
Jhon 228,228
Jhon 225,225
Jhon 227,227
Jhon 226,226
Jhon 232,232
Jhon 229,229
Jhon 230,230
Jhon 231,231
Jhon 235,235
Jhon 234,234
Jhon 233,233
Jhon 245,245
Jhon 236,236
Jhon 237,237
Jhon 239,239
Jhon 238,238
Jhon 240,240
Jhon 241,241
Jhon 242,242
Jhon 244,244
Jhon 243,243
Jhon 247,247
Jhon 249,249
Jhon 248,248
Jhon 250,250
Jhon 251,251
Jhon 252,252
Jhon 253,253
Jhon 255,255
Jhon 254,254
Jhon 258,258
Jhon 256,256
Jhon 257,257
Jhon 259,259
Jhon 260,260
Jhon 262,262
Jhon 261,261
Jhon 264,264
Jhon 263,263
Jhon 265,265
Jhon 267,267
Jhon 266,266
Jhon 268,268
Jhon 269,269
Jhon 270,270
Jhon 272,272
Jhon 271,271
Jhon 273,273
Jhon 276,276
Jhon 274,274
Jhon 275,275
Jhon 277,277
Jhon 278,278
Jhon 282,282
Jhon 279,279
Jhon 280,280
Jhon 281,281
Jhon 286,286
Jhon 283,283
Jhon 288,288
Jhon 287,287
Jhon 285,285
Jhon 284,284
Jhon 289,289
Jhon 292,292
Jhon 294,294
Jhon 295,295
Jhon 293,293
Jhon 291,291
Jhon 290,290
Jhon 296,296
Jhon 302,302
Jhon 297,297
Jhon 301,301
Jhon 299,299
Jhon 298,298
Jhon 300,300
Jhon 306,306
Jhon 304,304
Jhon 305,305
Jhon 303,303
Jhon 307,307
Jhon 308,308
Jhon 309,309
Jhon 310,310
Jhon 311,311
Jhon 315,315
Jhon 312,312
Jhon 313,313
Jhon 314,314
Jhon 320,320
Jhon 317,317
Jhon 318,318
Jhon 319,319
Jhon 316,316
Jhon 325,325
Jhon 323,323
Jhon 324,324
Jhon 326,326
Jhon 327,327
Jhon 329,329
Jhon 328,328
Jhon 330,330
Jhon 331,331
Jhon 332,332
Jhon 337,337
Jhon 338,338
Jhon 339,339
Jhon 341,341
Jhon 340,340
Jhon 350,350
Jhon 342,342
Jhon 343,343
Jhon 344,344
Jhon 345,345
Jhon 346,346
Jhon 347,347
Jhon 348,348
Jhon 349,349
Jhon 352,352
Jhon 351,351
Jhon 353,353
Jhon 354,354
Jhon 356,356
Jhon 355,355
Jhon 357,357
Jhon 358,358
Jhon 359,359
Jhon 360,360
Jhon 361,361
Jhon 362,362
Jhon 363,363
Jhon 364,364
Jhon 365,365
Jhon 367,367
Jhon 366,366
Jhon 368,368
Jhon 369,369
Jhon 370,370
Jhon 371,371
Jhon 372,372
Jhon 373,373
Jhon 374,374
Jhon 375,375
Jhon 376,376
Jhon 377,377
Jhon 378,378
Jhon 380,380
Jhon 379,379
Jhon 382,382
Jhon 383,383
Jhon 384,384
Jhon 385,385
Jhon 386,386
Jhon 387,387
Jhon 389,389
Jhon 388,388
Jhon 390,390
Jhon 393,393
Jhon 392,392
Jhon 400,400
Jhon 395,395
Jhon 396,396
Jhon 397,397
Jhon 398,398
Jhon 399,399
Jhon 402,402
Jhon 403,403
Jhon 401,401
Jhon 404,404
Jhon 405,405
Jhon 406,406
Jhon 407,407
Jhon 408,408
Jhon 409,409
Jhon 410,410
Jhon 411,411
Jhon 412,412
Jhon 413,413
Jhon 414,414
Jhon 417,417
Jhon 416,416
Jhon 418,418
Jhon 419,419
Jhon 420,420
Jhon 421,421
Jhon 422,422
Jhon 424,424
Jhon 423,423
Jhon 425,425
Jhon 426,426
Jhon 427,427
Jhon 428,428
Jhon 430,430
Jhon 429,429
Jhon 431,431
Jhon 432,432
Jhon 433,433
Jhon 435,435
Jhon 434,434
Jhon 436,436
Jhon 437,437
Jhon 438,438
Jhon 439,439
Jhon 440,440
Jhon 441,441
Jhon 443,443
Jhon 442,442
Jhon 447,447
Jhon 445,445
Jhon 446,446
Jhon 448,448
Jhon 449,449
Jhon 459,459
Jhon 452,452
Jhon 451,451
Jhon 450,450
Jhon 453,453
Jhon 454,454
Jhon 455,455
Jhon 457,457
Jhon 456,456
Jhon 458,458
Jhon 461,461
Jhon 463,463
Jhon 460,460
Jhon 462,462
Jhon 465,465
Jhon 464,464
Jhon 467,467
Jhon 466,466
Jhon 472,472
Jhon 468,468
Jhon 470,470
Jhon 469,469
Jhon 471,471
Jhon 481,481
Jhon 473,473
Jhon 474,474
Jhon 475,475
Jhon 477,477
Jhon 480,480
Jhon 479,479
Jhon 482,482
Jhon 483,483
Jhon 485,485
Jhon 484,484
Jhon 487,487
Jhon 486,486
Jhon 490,490
Jhon 488,488
Jhon 491,491
Jhon 492,492
Jhon 489,489
Jhon 493,493
Jhon 496,496
Jhon 494,494
Jhon 495,495
Jhon 499,499
Jhon 497,497
Jhon 498,498
Jhon 501,501
Jhon 500,500
Jhon 503,503
Jhon 504,504
Jhon 505,505
Jhon 506,506
Jhon 508,508
Jhon 507,507
Jhon 509,509
Jhon 511,511
Jhon 510,510
Jhon 513,513
Jhon 514,514
Jhon 515,515
Jhon 516,516
Jhon 517,517
Jhon 518,518
Jhon 519,519
Jhon 520,520
Jhon 521,521
Jhon 524,524
Jhon 523,523
Jhon 522,522
Jhon 529,529
Jhon 526,526
Jhon 527,527
Jhon 528,528
Jhon 531,531
Jhon 532,532
Jhon 534,534
Jhon 530,530
Jhon 533,533
Jhon 536,536
Jhon 542,542
Jhon 535,535
Jhon 537,537
Jhon 540,540
Jhon 539,539
Jhon 538,538
Jhon 543,543
Jhon 544,544
Jhon 546,546
Jhon 545,545
Jhon 548,548
Jhon 549,549
Jhon 550,550
Jhon 551,551
Jhon 554,554
Jhon 553,553
Jhon 552,552
Jhon 562,562
Jhon 556,556
Jhon 557,557
Jhon 558,558
Jhon 566,566
Jhon 560,560
Jhon 561,561
Jhon 559,559
Jhon 563,563
Jhon 564,564
Jhon 565,565
Jhon 567,567
Jhon 568,568
Jhon 569,569
Jhon 571,571
Jhon 572,572
Jhon 573,573
Jhon 574,574
Jhon 575,575
Jhon 577,577
Jhon 576,576
Jhon 578,578
Jhon 579,579
Jhon 580,580
Jhon 581,581
Jhon 582,582
Jhon 583,583
Jhon 584,584
Jhon 585,585
Jhon 586,586
Jhon 587,587
Jhon 601,601
Jhon 588,588
Jhon 590,590
Jhon 592,592
Jhon 591,591
Jhon 593,593
Jhon 589,589
Jhon 595,595
Jhon 597,597
Jhon 596,596
Jhon 594,594
Jhon 598,598
Jhon 599,599
Jhon 600,600
Jhon 615,615
Jhon 602,602
Jhon 603,603
Jhon 604,604
Jhon 605,605
Jhon 607,607
Jhon 606,606
Jhon 608,608
Jhon 609,609
Jhon 610,610
Jhon 611,611
Jhon 612,612
Jhon 613,613
Jhon 614,614
Jhon 616,616
Jhon 617,617
Jhon 618,618
Jhon 619,619
Jhon 621,621
Jhon 620,620
Jhon 622,622
Jhon 624,624
Jhon 627,627
Jhon 623,623
Jhon 625,625
Jhon 626,626
Jhon 629,629
Jhon 630,630
Jhon 631,631
Jhon 632,632
Jhon 633,633
Jhon 635,635
Jhon 634,634
Jhon 637,637
Jhon 636,636
Jhon 641,641
Jhon 639,639
Jhon 640,640
Jhon 642,642
Jhon 643,643
Jhon 644,644
Jhon 645,645
Jhon 646,646
Jhon 647,647
Jhon 648,648
Jhon 649,649
Jhon 651,651
Jhon 650,650
Jhon 652,652
Jhon 653,653
Jhon 654,654
Jhon 657,657
Jhon 655,655
Jhon 656,656
Jhon 658,658
Jhon 659,659
Jhon 661,661
Jhon 660,660
Jhon 662,662
Jhon 663,663
Jhon 664,664
Jhon 665,665
Jhon 666,666
Jhon 669,669
Jhon 667,667
Jhon 668,668
Jhon 670,670
Jhon 671,671
Jhon 672,672
Jhon 673,673
Jhon 674,674
Jhon 676,676
Jhon 675,675
Jhon 677,677
Jhon 678,678
Jhon 679,679
Jhon 680,680
Jhon 681,681
Jhon 682,682
Jhon 683,683
Jhon 685,685
Jhon 684,684
Jhon 687,687
Jhon 686,686
Jhon 688,688
Jhon 697,697
Jhon 689,689
Jhon 691,691
Jhon 690,690
Jhon 692,692
Jhon 693,693
Jhon 694,694
Jhon 695,695
Jhon 696,696
Jhon 698,698
Jhon 699,699
Jhon 706,706
Jhon 700,700
Jhon 702,702
Jhon 704,704
Jhon 703,703
Jhon 705,705
Jhon 707,707
Jhon 708,708
Jhon 709,709
Jhon 710,710
Jhon 711,711
Jhon 712,712
Jhon 713,713
Jhon 714,714
Jhon 716,716
Jhon 715,715
Jhon 718,718
Jhon 719,719
Jhon 720,720
Jhon 722,722
Jhon 721,721
Jhon 723,723
Jhon 725,725
Jhon 726,726
Jhon 724,724
Jhon 728,728
Jhon 727,727
Jhon 729,729
Jhon 730,730
Jhon 731,731
Jhon 732,732
Jhon 733,733
Jhon 734,734
Jhon 735,735
Jhon 736,736
Jhon 737,737
Jhon 748,748
Jhon 738,738
Jhon 739,739
Jhon 740,740
Jhon 741,741
Jhon 742,742
Jhon 744,744
Jhon 743,743
Jhon 751,751
Jhon 746,746
Jhon 747,747
Jhon 753,753
Jhon 749,749
Jhon 750,750
Jhon 752,752
Jhon 754,754
Jhon 755,755
Jhon 756,756
Jhon 757,757
Jhon 758,758
Jhon 759,759
Jhon 760,760
Jhon 761,761
Jhon 762,762
Jhon 763,763
Jhon 764,764
Jhon 765,765
Jhon 766,766
Jhon 767,767
Jhon 768,768
Jhon 769,769
Jhon 770,770
Jhon 771,771
Jhon 772,772
Jhon 773,773
Jhon 774,774
Jhon 775,775
Jhon 776,776
Jhon 777,777
Jhon 778,778
Jhon 779,779
Jhon 780,780
Jhon 781,781
Jhon 782,782
Jhon 783,783
Jhon 784,784
Jhon 785,785
Jhon 1,1
Jhon 2,2
Jhon 3,3
Jhon 4,4
Jhon 6,6
Jhon 5,5
Jhon 7,7
Jhon 8,8
Jhon 9,9
Jhon 10,10
Jhon 11,11
Jhon 14,14
Jhon 12,12
Jhon 13,13
Jhon 15,15
Jhon 21,21
Jhon 16,16
Jhon 17,17
Jhon 18,18
Jhon 19,19
Jhon 20,20
Jhon 24,24
Jhon 22,22
Jhon 23,23
Jhon 25,25
Jhon 26,26
Jhon 28,28
Jhon 27,27
Jhon 30,30
Jhon 29,29
Jhon 31,31
Jhon 34,34
Jhon 32,32
Jhon 33,33
Jhon 36,36
Jhon 35,35
Jhon 38,38
Jhon 37,37
Jhon 39,39
Jhon 40,40
Jhon 41,41
Jhon 42,42
Jhon 43,43
Jhon 44,44
Jhon 45,45
Jhon 46,46
Jhon 47,47
Jhon 48,48
Jhon 51,51
Jhon 50,50
Jhon 52,52
Jhon 54,54
Jhon 53,53
Jhon 55,55
Jhon 57,57
Jhon 56,56
Jhon 62,62
Jhon 58,58
Jhon 59,59
Jhon 61,61
Jhon 60,60
Jhon 63,63
Jhon 66,66
Jhon 65,65
Jhon 67,67
Jhon 68,68
Jhon 69,69
Jhon 70,70
Jhon 71,71
Jhon 73,73
Jhon 72,72
Jhon 74,74
Jhon 75,75
Jhon 76,76
Jhon 77,77
Jhon 78,78
Jhon 79,79
Jhon 80,80
Jhon 81,81
Jhon 82,82
Jhon 84,84
Jhon 83,83
Jhon 85,85
Jhon 86,86
Jhon 87,87
Jhon 88,88
Jhon 89,89
Jhon 90,90
Jhon 92,92
Jhon 91,91
Jhon 97,97
Jhon 94,94
Jhon 95,95
Jhon 96,96
Jhon 98,98
Jhon 100,100
Jhon 99,99
Jhon 102,102
Jhon 101,101
Jhon 104,104
Jhon 105,105
Jhon 106,106
Jhon 107,107
Jhon 109,109
Jhon 111,111
Jhon 108,108
Jhon 110,110
Jhon 113,113
Jhon 112,112
Jhon 114,114
Jhon 115,115
Jhon 116,116
Jhon 118,118
Jhon 117,117
Jhon 119,119
Jhon 120,120
Jhon 121,121
Jhon 122,122
Jhon 124,124
Jhon 123,123
Jhon 126,126
Jhon 125,125
Jhon 128,128
Jhon 127,127
Jhon 130,130
Jhon 129,129
Jhon 133,133
Jhon 132,132
Jhon 135,135
Jhon 131,131